Type,Name,Request Count,Failure Count,Median Response Time,Average Response Time,Min Response Time,Max Response Time,Average Content Size,Requests/s,Failures/s,50%,66%,75%,80%,90%,95%,98%,99%,99.9%,99.99%,100%
GET,/api/community/census-years/,8,0,26,27.75621799810324,23.117684002500027,35.18191195325926,7148.0,0.2759630525150582,0.0,27,27,35,35,35,35,35,35,35,35,35
GET,/api/community/communities/,24,0,15,16.277006121526938,13.698676018975675,25.350360956508666,4057.0,0.8278891575451747,0.0,15,16,17,17,21,22,25,25,25,25,25
GET,/api/compliance/,19,0,8,8.67336452325904,6.977259006816894,12.55517901154235,8773.0,0.6554122497232633,0.0,8,9,9,10,12,13,13,13,13,13,13
GET,/api/regulatory-rules/rules/,14,0,6,5.856625848017367,3.855026967357844,11.691476975101978,1059.0,0.4829353419013519,0.0,6,6,6,8,9,12,12,12,12,12,12
GET,/api/sites/,7,0,11,10.552324728840697,6.520875031128526,20.15503100119531,12517.0,0.24146767095067595,0.0,11,11,11,11,20,20,20,20,20,20,20
GET,/dashboard,11,11,2,2.2879773750901222,1.3560900115408003,7.055819034576416,4431.0,0.3794491972082051,0.3794491972082051,2,2,2,2,2,7,7,7,7,7,7
,Aggregated,83,11,9,11.548416902933898,1.3560900115408003,35.18191195325926,5691.8674698795185,2.863116669843729,0.3794491972082051,9,14,15,16,23,26,35,35,35,35,35
